r,delta,m,I,eta,epsi,resnot,stddev,frtype
0,0,0.05,0.1,0,1,0.4,0.000001,2
0,1,0.1,0,0,0.75,0.5,0.000001,2
0,1,0.1,0,0,0.75,1,0.000001,2
1,0,2,0.01,0,1,1,0.000001,2